PERIOD,DATE,DELHI (P),MUMBAI(P),CHENNAI(P),KOLKATA(P)
1,16-Jun-17,65.48,76.7,68.02,68.03
2,17-Jun-17,65.23,76.46,67.76,67.84
3,18-Jun-17,64.91,76.14,67.42,67.58
4,19-Jun-17,64.65,75.88,67.14,67.37
5,20-Jun-17,64.55,75.78,67.04,67.3
6,21-Jun-17,64.55,75.79,67.04,67.3
7,22-Jun-17,64.44,75.68,66.93,67.21
8,23-Jun-17,64.23,75.46,66.7,67.04
9,24-Jun-17,63.99,75.23,66.45,66.86
10,25-Jun-17,63.71,74.95,66.15,66.64
11,26-Jun-17,63.55,74.79,65.98,66.51
12,27-Jun-17,63.46,74.71,65.89,66.44
13,28-Jun-17,63.46,74.71,65.9,66.45
14,29-Jun-17,63.47,74.71,65.9,66.45
15,30-Jun-17,63.31,74.56,65.74,66.32
16,1-Jul-17,63.09,74.3,65.46,66.14
17,2-Jul-17,63.06,74.28,65.44,66.12
18,3-Jul-17,63.13,74.35,65.51,66.18
19,4-Jul-17,63.08,74.3,65.46,66.14
20,5-Jul-17,63.08,74.3,65.46,66.14
21,6-Jul-17,63.19,74.41,65.58,66.23
22,7-Jul-17,63.33,74.54,65.72,66.33
23,8-Jul-17,63.46,74.67,65.86,66.44
24,9-Jul-17,63.65,74.86,66.05,66.58
25,10-Jul-17,63.83,75.04,66.25,66.73
26,11-Jul-17,63.93,73.27,66.38,67.4
27,12-Jul-17,63.93,73.27,66.38,67.4
28,13-Jul-17,63.91,73.25,66.36,67.38
29,14-Jul-17,63.89,73.23,66.34,67.37
30,15-Jul-17,64.03,73.37,66.49,67.48
31,16-Jul-17,64.11,73.45,66.57,67.55
32,17-Jul-17,64.15,73.49,66.61,67.58
33,18-Jul-17,64.21,73.54,66.67,67.62
34,19-Jul-17,64.21,73.54,66.67,67.62
35,20-Jul-17,64.25,73.59,66.72,67.66
36,21-Jul-17,64.28,73.61,66.75,67.68
37,22-Jul-17,64.3,73.63,66.77,67.69
38,23-Jul-17,64.4,73.74,66.88,67.77
39,24-Jul-17,64.53,73.87,67.01,67.88
40,25-Jul-17,64.57,73.9,67.05,67.91
41,26-Jul-17,64.57,73.91,67.06,67.91
42,27-Jul-17,64.59,73.92,67.07,67.92
43,28-Jul-17,64.69,74.02,67.18,68
44,29-Jul-17,64.87,74.2,67.37,68.14
45,30-Jul-17,65,74.33,67.51,68.24
46,31-Jul-17,65.26,74.58,67.78,68.45
47,1-Aug-17,65.4,74.56,67.71,68.56
48,2-Aug-17,65.47,74.63,67.78,68.61
49,3-Aug-17,65.69,74.85,68.02,68.78
50,4-Aug-17,66,75.15,68.34,69.03
51,5-Aug-17,66.28,75.43,68.64,69.24
52,6-Aug-17,66.51,75.66,68.88,69.43
53,7-Aug-17,66.66,75.8,69.03,69.54
54,8-Aug-17,66.75,75.89,69.13,69.61
55,9-Aug-17,66.81,75.96,69.2,69.66
56,10-Aug-17,66.96,76.1,69.35,69.78
57,11-Aug-17,67.27,76.41,69.68,70.07
58,12-Aug-17,67.5,76.64,69.92,70.29
59,13-Aug-17,67.76,76.89,70.19,70.55
60,14-Aug-17,67.95,77.09,70.4,70.74
61,15-Aug-17,68.08,77.21,70.53,70.86
62,16-Aug-17,68.14,77.27,70.59,70.92
63,17-Aug-17,68.24,77.37,70.7,71.02
64,18-Aug-17,68.29,77.42,70.76,71.07
65,19-Aug-17,68.37,77.5,70.83,71.14
66,20-Aug-17,68.38,77.51,70.85,71.16
67,21-Aug-17,68.54,77.66,71.01,71.31
68,22-Aug-17,68.67,77.79,71.15,71.44
69,23-Aug-17,68.73,77.86,71.22,71.5
70,24-Aug-17,68.88,78,71.37,71.64
71,25-Aug-17,69.01,78.13,71.51,71.77
72,26-Aug-17,69.02,78.14,71.52,71.78
73,27-Aug-17,69.06,78.18,71.56,71.82
74,28-Aug-17,69.09,78.22,71.6,71.86
75,29-Aug-17,69.12,78.24,71.62,71.88
76,30-Aug-17,69.12,78.24,71.62,71.88
77,31-Aug-17,69.15,78.28,71.66,71.92
78,1-Sep-17,69.26,78.38,71.78,72.02
79,2-Sep-17,69.43,78.54,71.95,72.18
80,3-Sep-17,69.55,78.67,72.08,72.3
81,4-Sep-17,69.66,78.78,72.2,72.41
82,5-Sep-17,69.71,78.82,72.25,72.46
83,6-Sep-17,69.71,78.82,72.25,72.46
84,7-Sep-17,69.8,78.92,72.34,72.55
85,8-Sep-17,69.89,79,72.44,72.64
86,9-Sep-17,70.03,79.14,72.58,72.78
87,10-Sep-17,70.17,79.28,72.73,72.91
88,11-Sep-17,70.3,79.41,72.87,73.05
89,12-Sep-17,70.38,79.48,72.95,73.12
90,13-Sep-17,70.38,79.48,72.95,73.12
91,14-Sep-17,70.39,79.5,72.97,73.13
92,15-Sep-17,70.43,79.54,73.01,73.17
93,16-Sep-17,70.48,79.59,73.06,73.22
94,17-Sep-17,70.51,79.62,73.09,73.25
95,18-Sep-17,70.51,79.62,73.09,73.25
96,19-Sep-17,70.52,79.63,73.1,73.26
97,20-Sep-17,70.52,79.63,73.1,73.26
98,21-Sep-17,70.52,79.63,73.1,73.26
99,22-Sep-17,70.47,79.58,73.05,73.21
100,23-Sep-17,70.42,79.53,73,73.16
101,24-Sep-17,70.39,79.5,72.97,73.13
102,25-Sep-17,70.41,79.52,72.99,73.15
103,26-Sep-17,70.41,79.52,72.99,73.15
104,27-Sep-17,70.41,79.52,72.99,73.15
105,28-Sep-17,70.46,79.57,73.04,73.2
106,29-Sep-17,70.56,79.67,73.15,73.3
107,30-Sep-17,70.66,79.77,73.25,73.4
108,1-Oct-17,70.76,79.87,73.36,73.5
109,2-Oct-17,70.83,79.94,73.43,73.57
110,3-Oct-17,70.88,79.99,73.48,73.62
111,4-Oct-17,68.38,77.51,70.85,71.16
112,5-Oct-17,68.38,77.51,70.85,71.16
113,6-Oct-17,68.36,77.49,70.83,71.14
114,7-Oct-17,68.35,77.48,70.82,71.13
115,8-Oct-17,68.39,77.52,70.86,71.17
116,9-Oct-17,68.45,77.58,70.93,71.23
117,10-Oct-17,68.45,77.58,70.93,71.23
118,11-Oct-17,68.48,75.59,70.96,71.26
119,12-Oct-17,68.45,75.57,70.93,71.23
120,13-Oct-17,68.43,75.55,70.9,71.21
121,14-Oct-17,68.38,75.5,70.85,71.16
122,15-Oct-17,68.33,75.45,70.8,71.11
123,16-Oct-17,68.29,75.41,70.76,71.07
124,17-Oct-17,68.26,75.38,70.73,71.04
125,18-Oct-17,68.26,75.38,70.73,71.04
126,19-Oct-17,68.33,75.45,70.8,71.11
127,20-Oct-17,68.4,75.52,70.87,71.18
128,21-Oct-17,68.44,75.56,70.92,71.22
129,22-Oct-17,68.58,75.69,71.06,71.36
130,23-Oct-17,68.6,75.71,71.08,71.38
131,24-Oct-17,68.6,75.71,71.08,71.38
132,25-Oct-17,68.62,75.73,71.1,71.4
133,26-Oct-17,68.65,75.76,71.14,71.43
134,27-Oct-17,68.72,75.83,71.21,71.49
135,28-Oct-17,68.84,75.95,71.34,71.61
136,29-Oct-17,68.92,76.03,71.42,71.69
137,30-Oct-17,69.07,76.18,71.58,71.84
138,31-Oct-17,69.13,76.24,71.64,71.9
139,1-Nov-17,69.14,76.25,71.65,71.9
140,2-Nov-17,69.25,76.36,71.77,72.01
141,3-Nov-17,69.34,76.45,71.86,72.1
142,4-Nov-17,69.47,76.57,72,72.23
143,5-Nov-17,69.55,76.65,72.08,72.31
144,6-Nov-17,69.69,76.79,72.23,72.44
145,7-Nov-17,69.8,76.9,72.35,72.55
146,8-Nov-17,69.8,76.9,72.35,72.55
147,9-Nov-17,69.85,76.95,72.4,72.6
148,10-Nov-17,69.85,76.95,72.4,72.6
149,11-Nov-17,69.81,76.91,72.36,72.56
150,12-Nov-17,69.78,76.88,72.33,72.53
151,13-Nov-17,69.78,76.88,72.33,72.53
152,14-Nov-17,69.73,76.83,72.27,72.48
153,15-Nov-17,69.68,76.78,72.22,72.43
154,16-Nov-17,69.65,76.75,72.19,72.4
155,17-Nov-17,69.61,76.71,72.15,72.37
156,18-Nov-17,69.57,76.67,72.1,72.33
157,19-Nov-17,69.54,76.64,72.07,72.3
158,20-Nov-17,69.51,76.61,72.04,72.27
159,21-Nov-17,69.53,76.63,72.06,72.29
160,22-Nov-17,69.48,76.58,72.01,72.24
161,23-Nov-17,69.43,76.54,71.96,72.19
162,24-Nov-17,69.41,76.52,71.94,72.17
163,25-Nov-17,69.36,76.52,71.88,72.12
164,26-Nov-17,69.32,76.52,71.84,72.08
165,27-Nov-17,69.28,76.52,71.8,72.04
166,28-Nov-17,69.26,76.52,71.78,72.02
167,29-Nov-17,69.26,76.52,71.78,72.02
168,30-Nov-17,69.24,76.52,71.76,72
169,1-Dec-17,69.22,76.52,71.74,71.98
170,2-Dec-17,69.22,76.52,71.74,71.98
171,3-Dec-17,69.23,76.54,71.75,71.99
172,4-Dec-17,69.23,76.56,71.75,71.99
173,5-Dec-17,69.25,76.59,71.77,72.01
174,6-Dec-17,69.24,76.6,71.76,72
175,7-Dec-17,69.23,76.61,71.75,71.99
176,8-Dec-17,69.19,76.61,71.7,71.95
177,9-Dec-17,69.18,76.62,71.69,71.94
178,10-Dec-17,69.15,76.61,71.66,71.91
179,11-Dec-17,69.12,76.62,71.63,71.88
180,12-Dec-17,69.09,76.64,71.6,71.85
181,13-Dec-17,69.07,76.66,71.58,71.84
182,14-Dec-17,69.07,76.69,71.58,71.84
183,15-Dec-17,69.1,76.78,71.61,71.86
184,16-Dec-17,69.13,76.88,71.64,71.89
185,17-Dec-17,69.15,76.99,71.66,71.91
186,18-Dec-17,69.19,77.06,71.7,71.95
187,19-Dec-17,69.27,77.17,71.79,72.03
188,20-Dec-17,69.35,77.25,71.87,72.11
189,21-Dec-17,69.42,77.32,71.95,72.18
190,22-Dec-17,69.5,77.4,72.03,72.26
191,23-Dec-17,69.58,77.48,72.12,72.34
192,24-Dec-17,69.56,77.46,72.09,72.32
193,25-Dec-17,69.65,77.55,72.19,72.4
194,26-Dec-17,69.63,77.53,72.17,72.39
195,27-Dec-17,69.72,77.62,72.26,72.47
196,28-Dec-17,69.81,77.71,72.36,72.56
197,29-Dec-17,69.9,77.8,72.45,72.65
198,30-Dec-17,69.94,77.84,72.49,72.69
199,31-Dec-17,69.97,77.87,72.53,72.72
200,1-Jan-18,69.97,77.87,72.53,72.72
201,2-Jan-18,69.97,77.87,72.53,72.72
202,3-Jan-18,69.97,77.87,72.53,72.72
203,4-Jan-18,69.97,77.87,72.53,72.72
204,5-Jan-18,69.99,77.89,72.55,72.74
205,6-Jan-18,70.13,78.02,72.69,72.88
206,7-Jan-18,70.28,78.17,72.85,73.02
207,8-Jan-18,70.43,78.32,73.01,73.17
208,9-Jan-18,70.53,78.42,73.12,73.27
209,10-Jan-18,70.62,78.51,73.21,73.36
210,11-Jan-18,70.66,78.55,73.25,73.4
211,12-Jan-18,70.73,78.62,73.33,73.47
212,13-Jan-18,70.92,78.81,73.53,73.65
213,14-Jan-18,71.06,78.94,73.67,73.79
214,15-Jan-18,71.18,79.06,73.8,73.91
215,16-Jan-18,71.27,79.15,73.89,74
216,17-Jan-18,71.39,79.27,74.02,74.11
217,18-Jan-18,71.56,79.44,74.2,74.28
218,19-Jan-18,71.7,79.58,74.35,74.42
219,20-Jan-18,71.89,79.77,74.55,74.6
220,21-Jan-18,72.08,79.95,74.75,74.79
221,22-Jan-18,72.23,80.1,74.91,74.94
222,23-Jan-18,72.38,80.25,75.06,75.09
223,24-Jan-18,72.43,80.3,75.12,75.13
224,25-Jan-18,72.49,80.36,75.18,75.19
225,26-Jan-18,72.63,80.5,75.33,75.33
226,27-Jan-18,72.72,80.59,75.42,75.42
227,28-Jan-18,72.77,80.64,75.47,75.47
228,29-Jan-18,72.84,80.71,75.55,75.54
229,30-Jan-18,72.92,80.79,75.63,75.62
230,31-Jan-18,72.92,80.79,75.63,75.62
231,1-Feb-18,73.05,80.91,75.77,75.74
232,2-Feb-18,73.1,80.96,75.82,75.79
233,3-Feb-18,73.09,80.95,75.81,75.78
234,4-Feb-18,73.16,81.02,75.88,75.85
235,5-Feb-18,73.31,81.17,76.04,76
236,6-Feb-18,73.38,81.24,76.12,76.07
237,7-Feb-18,73.38,81.24,76.12,76.07
238,8-Feb-18,73.37,81.23,76.11,76.06
239,9-Feb-18,73.35,81.21,76.08,76.04
240,10-Feb-18,73.33,81.19,76.06,76.02
241,11-Feb-18,73.22,81.08,75.95,75.91
242,12-Feb-18,73.01,80.87,75.73,75.7
243,13-Feb-18,72.94,80.81,75.65,75.64
244,14-Feb-18,72.94,80.81,75.65,75.64
245,15-Feb-18,72.79,80.66,75.49,75.49
246,16-Feb-18,72.52,80.39,75.21,75.22
247,17-Feb-18,72.23,80.1,74.91,74.94
248,18-Feb-18,72.07,79.94,74.74,74.78
249,19-Feb-18,71.92,79.8,74.58,74.63
250,20-Feb-18,71.73,79.61,74.38,74.45
251,21-Feb-18,71.72,79.6,74.37,74.44
252,22-Feb-18,71.7,79.58,74.35,74.45
253,23-Feb-18,71.61,79.49,74.25,74.36
254,24-Feb-18,71.52,79.4,74.16,74.27
255,25-Feb-18,71.5,79.38,74.14,74.25
256,26-Feb-18,71.53,79.41,74.17,74.28
257,27-Feb-18,71.51,79.39,74.15,74.26
258,28-Feb-18,71.51,79.39,74.15,74.26
259,1-Mar-18,71.57,79.45,74.21,74.32
260,2-Mar-18,71.75,79.63,74.4,74.5
261,3-Mar-18,72,79.87,74.66,74.74
262,4-Mar-18,72.26,80.13,74.94,75
263,5-Mar-18,72.32,80.19,75,75.06
264,6-Mar-18,72.39,80.26,75.07,75.12
265,7-Mar-18,72.39,80.26,75.07,75.12
266,8-Mar-18,72.39,80.26,75.07,75.12
267,9-Mar-18,72.43,80.3,75.12,75.16
268,10-Mar-18,72.46,80.33,75.15,75.19
269,11-Mar-18,72.48,80.35,75.17,75.21
270,12-Mar-18,72.45,80.32,75.14,75.18
271,13-Mar-18,72.47,80.34,75.16,75.2
272,14-Mar-18,72.47,80.34,75.16,75.2
273,15-Mar-18,72.45,80.32,75.14,75.18
274,16-Mar-18,72.37,80.24,75.05,75.1
275,17-Mar-18,72.27,80.14,74.95,75.01
276,18-Mar-18,72.2,80.07,74.87,74.94
277,19-Mar-18,72.19,80.06,74.86,74.93
278,20-Mar-18,72.2,80.07,74.87,74.94
279,21-Mar-18,72.2,80.07,74.87,74.94
280,22-Mar-18,72.26,80.13,74.94,75
281,23-Mar-18,72.3,80.17,74.98,75.04
282,24-Mar-18,72.38,80.25,75.06,75.11
283,25-Mar-18,72.55,80.42,75.24,75.28
284,26-Mar-18,72.79,80.66,75.49,75.52
285,27-Mar-18,72.9,80.77,75.61,75.63
286,28-Mar-18,72.9,80.77,75.61,75.63
287,29-Mar-18,73.08,80.94,75.8,75.8
288,30-Mar-18,73.31,81.17,76.04,76.03
289,31-Mar-18,73.55,81.41,76.29,76.26
290,1-Apr-18,73.73,81.59,76.48,76.44
291,2-Apr-18,73.83,81.69,76.59,76.54
292,3-Apr-18,73.95,81.8,76.72,76.66
293,4-Apr-18,73.95,81.8,76.72,76.66
294,5-Apr-18,73.98,81.83,76.75,76.69
295,6-Apr-18,73.98,81.83,76.75,76.69
296,7-Apr-18,74,81.85,76.77,76.71
297,8-Apr-18,74.03,81.88,76.8,76.73
298,9-Apr-18,73.99,81.84,76.76,76.7
299,10-Apr-18,73.98,81.83,76.75,76.69
300,11-Apr-18,73.98,81.83,76.75,76.69
301,12-Apr-18,73.94,81.8,76.71,76.65
302,13-Apr-18,73.91,81.77,76.67,76.62
303,14-Apr-18,73.93,81.79,76.69,76.64
304,15-Apr-18,73.98,81.83,76.75,76.69
305,16-Apr-18,74.02,81.87,76.79,76.73
306,17-Apr-18,74.02,81.87,76.79,76.73
307,18-Apr-18,74.02,81.87,76.79,76.73
308,19-Apr-18,74.07,81.92,76.84,76.77
309,20-Apr-18,74.08,81.93,76.85,76.78
310,21-Apr-18,74.21,82.06,76.99,76.91
311,22-Apr-18,74.4,82.25,77.19,77.1
312,23-Apr-18,74.5,82.35,77.29,77.2
313,24-Apr-18,74.63,82.48,77.43,77.32
314,25-Apr-18,74.63,82.48,77.43,77.32
315,26-Apr-18,74.63,82.48,77.43,77.32
316,27-Apr-18,74.63,82.48,77.43,77.32
317,28-Apr-18,74.63,82.48,77.43,77.32
318,29-Apr-18,74.63,82.48,77.43,77.32
319,30-Apr-18,74.63,82.48,77.43,77.32
320,1-May-18,74.63,82.48,77.43,77.32
321,2-May-18,74.63,82.48,77.43,77.32
322,3-May-18,74.63,82.48,77.43,77.32
323,4-May-18,74.63,82.48,77.43,77.32
324,5-May-18,74.63,82.48,77.43,77.32
325,6-May-18,74.63,82.48,77.43,77.32
326,7-May-18,74.63,82.48,77.43,77.32
327,8-May-18,74.63,82.48,77.43,77.32
328,9-May-18,74.63,82.48,77.43,77.32
329,10-May-18,74.63,82.48,77.43,77.32
330,11-May-18,74.63,82.48,77.43,77.32
331,12-May-18,74.63,82.48,77.43,77.32
332,13-May-18,74.63,82.48,77.43,77.32
333,14-May-18,74.8,82.65,77.61,77.5
334,15-May-18,74.95,82.79,77.77,77.65
335,16-May-18,75.1,82.94,77.93,77.79
336,17-May-18,75.32,83.16,78.16,78.01
337,18-May-18,75.61,83.45,78.46,78.29
338,19-May-18,75.91,83.75,78.78,78.59
339,20-May-18,76.24,84.07,79.13,78.91
340,21-May-18,76.57,84.4,79.47,79.24
341,22-May-18,76.87,84.7,79.79,79.53
342,23-May-18,77.17,84.99,80.11,79.83
343,24-May-18,77.47,85.29,80.42,80.12
344,25-May-18,77.83,85.65,80.8,80.47
345,26-May-18,77.97,85.78,80.95,80.61
346,27-May-18,78.12,85.93,81.11,80.76
347,28-May-18,78.27,86.08,81.26,80.91
348,29-May-18,78.43,86.24,81.43,81.06
349,30-May-18,78.42,86.23,81.42,81.05
350,31-May-18,78.35,86.16,81.35,80.98
351,1-Jun-18,78.29,86.1,81.28,80.92
352,2-Jun-18,78.2,86.01,81.19,80.84
353,3-Jun-18,78.11,85.92,81.09,80.75
354,4-Jun-18,77.96,85.77,80.94,80.6
355,5-Jun-18,77.83,85.65,80.8,80.47
356,6-Jun-18,77.72,85.54,80.68,80.37
357,7-Jun-18,77.63,85.45,80.59,80.28
358,8-Jun-18,77.42,85.24,80.37,80.07
359,9-Jun-18,77.02,84.84,79.95,79.68
360,10-Jun-18,76.78,84.61,79.69,79.44
361,11-Jun-18,76.58,84.41,79.48,79.25
362,12-Jun-18,76.43,84.26,79.33,79.1
363,13-Jun-18,76.43,84.26,79.33,79.1
364,14-Jun-18,76.43,84.26,79.33,79.1
365,15-Jun-18,76.35,84.18,79.24,79.02
366,16-Jun-18,76.35,84.18,79.24,79.02
367,17-Jun-18,76.35,84.18,79.24,79.02
368,18-Jun-18,76.35,84.18,79.24,79.02
369,19-Jun-18,76.27,84.06,79.16,78.94
370,20-Jun-18,76.27,84.06,79.16,78.94
371,21-Jun-18,76.16,83.92,79.04,78.83
372,22-Jun-18,76.02,83.74,78.89,78.7
373,23-Jun-18,75.93,83.61,78.8,78.61
374,24-Jun-18,75.79,83.44,78.65,78.47
375,25-Jun-18,75.69,83.3,78.55,78.37
376,26-Jun-18,75.55,83.12,78.4,78.23
377,27-Jun-18,75.55,83.12,78.4,78.23
378,28-Jun-18,75.55,83.12,78.4,78.23
379,29-Jun-18,75.55,83.06,78.4,78.23
380,30-Jun-18,75.55,82.99,78.4,78.23
381,1-Jul-18,75.55,82.94,78.4,78.23
382,2-Jul-18,75.55,82.94,78.4,78.23
383,3-Jul-18,75.55,82.94,78.4,78.23
384,4-Jul-18,75.55,82.94,78.4,78.23
385,5-Jul-18,75.71,83.1,78.57,78.39
386,6-Jul-18,75.85,83.24,78.72,78.53
387,7-Jul-18,75.98,83.37,78.85,78.66
388,8-Jul-18,76.13,83.52,79.01,78.8
389,9-Jul-18,76.36,83.75,79.25,79.03
390,10-Jul-18,76.53,83.91,79.43,79.2
391,11-Jul-18,76.53,83.91,79.43,79.2
392,12-Jul-18,76.59,83.97,79.49,79.26
393,13-Jul-18,76.76,84.14,79.67,79.42
394,14-Jul-18,76.95,84.33,79.87,79.61
395,15-Jul-18,76.95,84.33,79.87,79.61
396,16-Jul-18,76.84,84.22,79.76,79.51
397,17-Jul-18,76.84,84.22,79.76,79.51
398,18-Jul-18,76.84,84.22,79.76,79.51
399,19-Jul-18,76.78,84.22,79.76,79.51
400,20-Jul-18,76.62,84.06,79.59,79.39
401,21-Jul-18,76.47,83.91,79.43,79.27
402,22-Jul-18,76.37,83.82,79.33,79.2
403,23-Jul-18,76.3,83.75,79.25,79.15
404,24-Jul-18,76.23,83.68,79.18,79.1
405,25-Jul-18,76.23,83.68,79.18,79.1
406,26-Jul-18,76.23,83.68,79.18,79.1
407,27-Jul-18,76.23,83.68,79.18,79.1
408,28-Jul-18,76.16,83.61,79.11,79.05
409,29-Jul-18,76.16,83.61,79.11,79.05
410,30-Jul-18,76.25,83.7,79.2,79.14
411,31-Jul-18,76.31,83.76,79.26,79.2
412,1-Aug-18,76.31,83.76,79.26,79.2
413,2-Aug-18,76.43,83.87,79.39,79.33
414,3-Aug-18,76.5,83.94,79.46,79.42
415,4-Aug-18,76.7,84.14,79.68,79.62
416,5-Aug-18,76.85,84.29,79.83,79.77
417,6-Aug-18,76.97,84.41,79.96,79.89
418,7-Aug-18,77.06,84.5,80.05,80
419,8-Aug-18,77.06,84.5,80.05,80
420,9-Aug-18,77.06,84.5,80.05,80
421,10-Aug-18,77.13,84.57,80.13,80.09
422,11-Aug-18,77.23,84.67,80.23,80.18
423,12-Aug-18,77.23,84.67,80.23,80.18
424,13-Aug-18,77.14,84.58,80.14,80.1
425,14-Aug-18,77.14,84.58,80.14,80.1
426,15-Aug-18,77.14,84.58,80.14,80.1
427,16-Aug-18,77.2,84.63,80.19,80.14
428,17-Aug-18,77.2,84.63,80.19,80.14
429,18-Aug-18,77.28,84.71,80.28,80.22
430,19-Aug-18,77.4,84.82,80.4,80.34
431,20-Aug-18,77.49,84.91,80.5,80.43
432,21-Aug-18,77.58,85,80.59,80.52
433,22-Aug-18,77.58,85,80.59,80.52
434,23-Aug-18,77.58,85,80.59,80.52
435,24-Aug-18,77.67,85.09,80.69,80.61
436,25-Aug-18,77.67,85.09,80.69,80.61
437,26-Aug-18,77.78,85.2,80.8,80.71
438,27-Aug-18,77.91,85.33,80.94,80.84
439,28-Aug-18,78.05,85.47,81.09,80.98
440,29-Aug-18,78.18,85.6,81.22,81.11
441,30-Aug-18,78.3,85.72,81.35,81.23
442,31-Aug-18,78.52,85.93,81.58,81.44
443,1-Sep-18,78.68,86.09,81.75,81.6
444,2-Sep-18,78.84,86.25,81.92,81.76
445,3-Sep-18,79.15,86.56,82.24,82.06
446,4-Sep-18,79.31,86.72,82.41,82.22
447,5-Sep-18,79.31,86.72,82.41,82.22
448,6-Sep-18,79.51,86.91,82.62,82.41
449,7-Sep-18,79.99,87.39,83.13,82.88
450,8-Sep-18,80.38,87.77,83.54,83.27
451,9-Sep-18,80.5,87.89,83.66,83.39
452,10-Sep-18,80.73,88.12,83.91,83.61
453,11-Sep-18,80.87,88.26,84.05,83.75
454,12-Sep-18,80.87,88.26,84.05,82.74
455,13-Sep-18,81,88.39,84.19,82.87
456,14-Sep-18,81.28,88.67,84.49,83.14
457,15-Sep-18,81.63,89.01,84.85,83.49
458,16-Sep-18,81.91,89.29,85.15,83.76
459,17-Sep-18,82.06,89.44,85.31,83.91
460,18-Sep-18,82.16,89.54,85.41,84.01
461,19-Sep-18,82.16,89.54,85.41,84.01
462,20-Sep-18,82.22,89.6,85.48,84.07
463,21-Sep-18,82.32,89.69,85.58,84.16
464,22-Sep-18,82.44,89.8,85.69,84.27
465,23-Sep-18,82.61,89.97,85.87,84.44
466,24-Sep-18,82.72,90.08,85.99,84.54
467,25-Sep-18,82.86,90.22,86.13,84.68
468,26-Sep-18,82.86,90.22,86.13,84.68
469,27-Sep-18,83,90.35,86.28,84.82
470,28-Sep-18,83.22,90.57,86.51,85.03
471,29-Sep-18,83.4,90.75,86.7,85.21
472,30-Sep-18,83.49,90.84,86.8,85.3
473,1-Oct-18,83.73,91.08,87.05,85.53
474,2-Oct-18,83.85,91.2,87.18,85.65
475,3-Oct-18,83.85,91.2,87.18,85.65
476,4-Oct-18,84,91.34,87.33,85.8
477,5-Oct-18,81.5,86.97,84.7,83.3
478,6-Oct-18,81.68,87.15,84.89,83.52
479,7-Oct-18,81.82,87.29,85.04,83.66
480,8-Oct-18,82.03,87.5,85.26,83.87
481,9-Oct-18,82.26,87.73,85.5,84.09
482,10-Oct-18,82.26,87.73,85.5,84.09
483,11-Oct-18,82.36,87.82,85.61,84.19
484,12-Oct-18,82.48,87.94,85.73,84.31
485,13-Oct-18,82.66,88.12,85.92,84.48
486,14-Oct-18,82.72,88.18,85.99,84.54
487,15-Oct-18,82.72,88.18,85.99,84.54
488,16-Oct-18,82.83,88.29,86.1,84.65
489,17-Oct-18,82.83,88.29,86.1,84.65
490,18-Oct-18,82.62,88.08,85.88,84.44
491,19-Oct-18,82.38,87.84,85.63,84.21
492,20-Oct-18,81.99,87.46,85.22,83.83
493,21-Oct-18,81.74,87.21,84.96,83.58
494,22-Oct-18,81.44,86.91,84.64,83.29
495,23-Oct-18,81.34,86.81,84.53,83.19
496,24-Oct-18,81.25,86.73,84.44,83.1
497,25-Oct-18,81.1,86.58,84.28,82.95
498,26-Oct-18,80.85,86.33,84.02,82.71
499,27-Oct-18,80.45,85.93,83.6,82.31
500,28-Oct-18,80.05,85.54,83.18,81.92
501,29-Oct-18,79.75,85.24,82.86,81.63
502,30-Oct-18,79.55,85.04,82.65,81.43
503,31-Oct-18,79.55,85.04,82.65,81.43
504,1-Nov-18,79.37,84.86,82.46,81.25
505,2-Nov-18,79.18,84.68,82.26,81.08
506,3-Nov-18,78.99,84.49,82.06,80.89
507,4-Nov-18,78.78,84.28,81.84,80.68
508,5-Nov-18,78.56,84.06,81.61,80.47
509,6-Nov-18,78.42,83.92,81.46,80.33
510,7-Nov-18,78.42,83.92,81.46,80.33
511,8-Nov-18,78.21,83.72,81.24,80.13
512,9-Nov-18,78.06,83.57,81.08,79.98
513,10-Nov-18,77.89,83.4,80.9,79.81
514,11-Nov-18,77.73,83.24,80.73,79.65
515,12-Nov-18,77.56,83.07,80.56,79.49
516,13-Nov-18,77.43,82.94,80.42,79.36
517,14-Nov-18,77.43,82.94,80.42,79.36
518,15-Nov-18,77.28,82.8,80.26,79.21
519,16-Nov-18,77.1,82.62,80.07,79.04
520,17-Nov-18,76.91,82.43,79.87,78.85
521,18-Nov-18,76.71,82.23,79.66,78.65
522,19-Nov-18,76.52,82.04,79.46,78.47
523,20-Nov-18,76.38,81.9,79.31,78.33
524,21-Nov-18,76.38,81.9,79.31,78.33
525,22-Nov-18,75.97,81.5,78.88,77.93
526,23-Nov-18,75.57,81.1,78.46,77.53
527,24-Nov-18,75.25,80.79,78.12,77.22
528,25-Nov-18,74.84,80.38,77.69,76.82
529,26-Nov-18,74.49,80.03,77.32,76.47
530,27-Nov-18,74.07,79.62,76.88,76.06
531,28-Nov-18,73.57,79.12,76.35,75.57
532,29-Nov-18,73.24,78.8,76.01,75.24
533,30-Nov-18,72.87,78.43,75.62,74.88
534,1-Dec-18,72.53,78.09,75.26,74.55
535,2-Dec-18,72.23,77.8,74.94,74.25
536,3-Dec-18,71.93,77.5,74.63,73.96
537,4-Dec-18,71.72,77.29,74.41,73.75
538,5-Dec-18,71.72,77.29,74.41,73.75
539,6-Dec-18,71.32,76.9,73.99,73.36
540,7-Dec-18,70.92,76.5,73.57,72.97
541,8-Dec-18,70.7,76.28,73.33,72.75
542,9-Dec-18,70.55,76.13,73.18,72.6
543,10-Dec-18,70.31,75.9,72.92,72.37
544,11-Dec-18,70.2,75.8,72.82,72.28
545,12-Dec-18,70.2,75.8,72.82,73.28
546,13-Dec-18,70.29,75.91,72.94,72.38
547,14-Dec-18,70.29,75.91,72.94,72.38
548,15-Dec-18,70.34,75.96,72.99,72.43
549,16-Dec-18,70.34,75.96,72.99,72.43
550,17-Dec-18,70.53,76.15,73.19,72.62
551,18-Dec-18,70.63,76.25,73.29,72.71
552,19-Dec-18,70.63,76.25,73.29,72.71
553,20-Dec-18,70.63,76.25,73.29,72.71
554,21-Dec-18,70.46,76.08,73.11,72.55
555,22-Dec-18,70.27,75.89,72.91,72.36
556,23-Dec-18,70.07,75.69,72.7,72.16
557,24-Dec-18,69.86,75.48,72.48,71.96
558,25-Dec-18,69.79,75.41,72.41,71.89
559,26-Dec-18,69.79,75.41,72.41,71.89
560,27-Dec-18,69.74,75.36,72.36,71.84
561,28-Dec-18,69.55,75.18,72.16,71.65
562,29-Dec-18,69.26,74.89,71.85,71.37
563,30-Dec-18,69.04,74.67,71.62,71.15
564,31-Dec-18,68.84,74.47,71.41,70.96
565,1-Jan-19,68.65,74.3,71.22,70.78
566,2-Jan-19,68.65,74.3,71.22,70.78
567,3-Jan-19,68.65,74.3,71.22,70.78
568,4-Jan-19,68.44,74.1,71.01,70.58
569,5-Jan-19,68.29,73.95,70.85,70.43
570,6-Jan-19,68.29,73.95,70.85,70.43
571,7-Jan-19,68.5,74.16,71.07,70.64
572,8-Jan-19,68.5,74.16,71.07,70.64
573,9-Jan-19,68.5,74.16,71.07,70.64
574,10-Jan-19,68.88,74.53,71.47,71.01
575,11-Jan-19,69.07,74.72,71.67,71.2
576,12-Jan-19,69.26,74.91,71.87,71.39
577,13-Jan-19,69.75,75.39,72.39,71.87
578,14-Jan-19,70.13,75.77,72.79,72.24
579,15-Jan-19,70.41,76.05,73.08,72.52
580,16-Jan-19,70.33,75.97,73,72.44
581,17-Jan-19,70.47,76.11,73.15,72.58
